Ticker,Website
Ticker,Website
20MICRONS,20microns.com
21STCENMGM,tcms.bz
360ONE,360.one
3IINFOLTD,3i-infotech.com
3MINDIA,3mindia.in
3PLAND,Not found
5PAISA,5paisa.com
63MOONS,63moons.com
A2ZINFRA,a2zgroup.co.in
AAATECH,aaatechnologies.co.in
AADHARHFC,aadharhousing.com
AAKASH,aakashexploration.com
AAREYDRUGS,aareydrugs.com
AARON,aaronindustries.net
AARTECH,aartechsolonics.com
AARTIDRUGS,aartidrugs.co.in
AARTIIND,aarti-industries.com
AARTIPHARM,aartipharmalabs.com
AARTISURF,aarti-surfactants.com
AARVEEDEN,aarveedenims.com
AARVI,aarviencon.com
AAVAS,aavas.in
ABAN,abanoffshore.com
ABB,new.abb.com/indian-subcontinent
ABBOTINDIA,abbott.co.in
ABCAPITAL,adityabirlacapital.com
ABDL,abdindia.com
ABFRL,abfrl.com
ABIN-RE1,Not found
ABINFRA,abinfrabuild.com
ABMINTLLTD,abmintl.in
ABREL,adityabirlarealestate.com
ABSLAMC,birlasunlife.com
ACC,acclimited.com
ACCELYA,w3.accelya.com
ACCURACY,aslindia.net
ACE,ace-cranes.com
ACEINTEG,aceintegrated.com
ACI,archeanchemicals.com
ACL,andhracements.com
ACLGATI,allcargogati.com
ACMESOLAR,acmesolar.in
ADANIENSOL,adanienergysolutions.com
ADANIENT,adanienterprises.com
ADANIGREEN,adanigreenenergy.com
ADANIPORTS,adaniports.com
ADANIPOWER,adanipower.com
ADFFOODS,adf-foods.com
ADL,archidplydecor.com
ADOR,adorwelding.com
ADROITINFO,adroitinfotech.com
ADSL,allieddigital.net/in
ADVANIHOTR,caravelabeachresortgoa.com
ADVENZYMES,advancedenzymes.com
AEGISLOG,aegisindia.com
AEROFLEX,aeroflexindia.com
AETHER,aether.co.in
AFCONS,afcons.com
AFFLE,affle.com
AFFORDABLE,arapl.co.in
AFIL,akmefintrade.com
AFSL,abansholdings.com
AGARIND,aicltd.in
AGARWALEYE,dragarwals.co.in
AGI,agigreenpac.com
AGIIL,agiinfra.com
AGRITECH,agri-tech.in
AGROPHOS,agrophos.com
AGSTRA,agsindia.com
AHLADA,ahlada.com
AHLEAST,ahleast.com
AHLUCONT,acilnet.com
AIAENG,aiaengineering.com
AIIL,authum.com
AIRAN,airanlimited.com
AIROLAM,airolam.com
AJANTPHARM,ajantapharma.com
AJAXENGG,ajax-engg.com
AJMERA,ajmera.com
AJOONI,ajoonibiotech.com
AKASH,akashinfra.com
AKG,akg-global.com
AKI,groupaki.com
AKSHAR,aksharspintex.in
AKSHARCHEM,aksharchemindia.com
AKSHOPTFBR,akshoptifibre.com
AKUMS,akums.in
AKZOINDIA,akzonobel.co.in
ALANKIT,alankit.in
ALBERTDAVD,albertdavidindia.com
ALEMBICLTD,alembiclimited.com
ALICON,alicongroup.co.in
ALIVUS,alivus.com
ALKALI,alkalimetals.com
ALKEM,alkemlabs.com
ALKYLAMINE,alkylamines.com
ALLCARGO,allcargologistics.com
ALLDIGI,alldigitech.com
ALMONDZ,almondzglobal.com
ALOKINDS,alokind.com
ALPA,alpalabs.in
ALPHAGEO,alphageoindia.com
ALPSINDUS,alpsindustries.com
AMBER,ambergroupindia.com
AMBICAAGAR,ambicaagarbathies.com
AMBIKCO,acmills.in
AMBUJACEM,ambujacement.com
AMDIND,amdindustries.com
AMIORG,amiorganics.com
AMJLAND,amjland.com
AMNPLST,amines.com
AMRUTANJAN,amrutanjan.com
ANANDRATHI,anandrathiwealth.in
ANANTRAJ,anantrajlimited.com
ANDHRAPAP,andhrapaper.com
ANDHRSUGAR,theandhrasugars.com
ANGELONE,angelone.in
ANIKINDS,anikgroup.com
ANKITMETAL,ankitmetal.com
ANMOL,anmolindialtd.com
ANSALAPI,ansalapi.com
ANTGRAPHIC,antarctica-packaging.com
ANUHPHR,anuhpharma.com
ANUP,anupengg.com
ANURAS,anupamrasayan.com
APARINDS,apar.com
APCL,anjanicement.com
APCOTEXIND,apcotex.com
APEX,apexfrozenfoods.in
APLAPOLLO,aplapollo.com
APLLTD,alembicpharmaceuticals.com
APOLLO,apollo-micro.com
APOLLOHOSP,apollohospitals.com
APOLLOPIPE,apollopipes.com
APOLLOTYRE,apollotyres.com
APOLSINHOT,apollosindoori.com
APTECHT,aptech-worldwide.com
APTUS,aptusindia.com
ARCHIDPLY,archidply.com
ARCHIES,archiesonline.com
ARE&M,amararajaeandm.com
ARENTERP,rajdarshanindustrieslimited.com
ARIES,ariesagro.com
ARIHANTCAP,arihantcapital.com
ARIHANTSUP,asl.net.in
ARKADE,arkade.in
ARMANFIN,armanindia.com
AROGRANITE,arotile.com
ARROWGREEN,arrowgreentech.com
ARSHIYA,arshiyalimited.com
ARSSINFRA,arssgroup.in
ARTEMISMED,artemishospitals.com
ARTNIRMAN,artnirman.com
ARVEE,arveelabs.com
ARVIND,arvind.com
ARVINDFASN,arvindfashions.com
ARVSMART,arvindsmartspaces.com
ASAHIINDIA,aisglass.com
ASAHISONG,asahisongwon.com
ASAL,autostampings.com
ASALCBR,associatedalcohols.com
ASHAPURMIN,ashapura.com
ASHIANA,ashianahousing.com
ASHIMASYN,ashima.in
ASHOKA,ashokabuildcon.com
ASHOKAMET,ashokametcast.in
ASHOKLEY,ashokleyland.com
ASIANENE,asianenergy.com
ASIANHOTNR,asianhotelsnorth.com
ASIANPAINT,asianpaints.com
ASIANTILES,aglasiangranito.com
ASKAUTOLTD,askbrake.com
ASMS,bartronics.com
ASPINWALL,aspinwall.in
ASTEC,godrejastec.com
ASTERDM,asterdmhealthcare.com
ASTRAL,astralltd.com
ASTRAMICRO,astramwp.com
ASTRAZEN,astrazeneca.in
ASTRON,astronpaper.com
ATALREAL,atalrealtech.com
ATAM,atamvalves.in
ATGL,adanigas.com
ATL,allcargoterminals.com
ATLANTAA,atlantaalimited.com
ATLASCYCLE,atlasbicycles.com
ATUL,atul.co.in
ATULAUTO,atulauto.co.in
AUBANK,aubank.in
AURIONPRO,aurionpro.com
AUROPHARMA,aurobindo.com
AURUM,aurumproptech.in
AUSOMENT,ausom.in
AUTOAXLES,autoaxle.com
AUTOIND,autolineind.com
AVADHSUGAR,birla-sugar.com/Our-Companies/About-Us-Avadh
AVALON,avalontec.com
AVANTEL,avantel.in
AVANTIFEED,avantifeeds.com
AVG,avglogistics.com
AVL,adityavision.in
AVONMORE,avonmorecapital.in
AVROIND,avrofurniture.com
AVTNPL,avtnatural.com
AWFIS,awfis.com
AWHCL,antony-waste.com
AWL,adaniwilmar.com
AXISBANK,axisbank.com
AXISCADES,axiscades.com
AXITA,axitacotton.com
AYMSYNTEX,aymsyntex.com
AZAD,azad.in
BAFNAPH,bafnapharma.com
BAGFILMS,bagnetwork24.in
BAIDFIN,baidfinserv.com
BAJAJ-AUTO,bajajauto.com
BAJAJCON,bajajconsumercare.com
BAJAJELEC,bajajelectricals.com
BAJAJFINSV,bajajfinserv.in
BAJAJHCARE,bajajhealth.com
BAJAJHFL,bajajhousingfinance.in
BAJAJHIND,bajajhindusthan.com
BAJAJHLDNG,bhil.in
BAJAJINDEF,Not found
BAJEL,bajelprojects.com
BAJFINANCE,aboutbajajfinserv.com/finance-about-us
BALAJEE,tirupatibalajee.net
BALAJITELE,balajitelefilms.com
BALAMINES,balajiamines.com
BALAXI,balaxipharma.in
BALKRISHNA,bpml.in
BALKRISIND,bkt-tires.com
BALMLAWRIE,balmerlawrie.com
BALPHARMA,balpharma.com
BALRAMCHIN,chini.com
BALUFORGE,baluindustries.com
BANARBEADS,banarasbead.com
BANARISUG,bannari.com
BANCOINDIA,bancoindia.com
BANDHANBNK,bandhanbank.com
BANG,banggroup.com
BANKA,bankabio.com
BANKBARODA,bankofbaroda.in
BANKINDIA,bankofindia.co.in
BANSALWIRE,bansalwire.com
BANSWRAS,banswarasyntex.com
BARBEQUE,barbequenation.com
BASF,basf.com/in
BASML,bannarimills.com
BATAINDIA,bata.in
BAYERCROP,bayer.in
BBL,bharatbijlee.com
BBOX,blackbox.com
BBTC,bbtcl.com
BBTCL,boxandboard.in
BCLIND,bcl.ind.in
BCONCEPTS,brandconcepts.in
BDL,bdl-india.in
BEARDSELL,beardsell.co.in
BECTORFOOD,bectorfoods.com
BEDMUTHA,bedmutha.com
BEL,bel-india.in
BEML,bemlindia.in
BEPL,bhansaliabs.com
BERGEPAINT,bergerpaints.com
BESTAGRO,bestagrolife.com
BFINVEST,bfilpune.com
BFUTILITIE,bfutilities.com
BGLOBAL,bgil.in
BGRENERGY,bgrcorp.com
BHAGCHEM,bhagirad.com
BHAGERIA,bhageriagroup.com
BHAGYANGR,bhagyanagarindia.com
BHANDARI,bhandariexport.com
BHARATFORG,bharatforge.com
BHARATGEAR,bharatgears.com
BHARATRAS,bharatgroup.co.in
BHARATSE,bharatseats.com
BHARATWIRE,bharatwireropes.com
BHARTIARTL,airtel.in
BHARTIHEXA,bhartihexacom.in
BHEL,bhel.com
BIGBLOC,nxtbloc.in
BIKAJI,bikaji.com
BIL,bhartiya.com
BINANIIND,binaniindustries.com
BIOCON,biocon.com
BIOFILCHEM,biofilgroup.net
BIRLACABLE,birlacable.com
BIRLACORPN,birlacorporation.com
BIRLAMONEY,stocksandsecurities.adityabirlacapital.com
BIRLANU,birlanu.com
BLACKBUCK,blackbuck.com
BLAL,blal.in
BLBLIMITED,blblimited.com
BLISSGVS,blissgvs.com
BLKASHYAP,blkashyap.com
BLS,blsinternational.com
BLSE,blseservices.com
BLUECHIP,bluechipind.com
BLUECOAST,bluecoast.in
BLUEDART,bluedart.com
BLUEJET,bluejethealthcare.com
BLUESTARCO,bluestarindia.com
BODALCHEM,bodal.com
BOHRAIND,bohraindustries.com
BOMDYEING,bombaydyeing.com
BOROLTD,borosil.com
BORORENEW,borosilrenewables.com
BOROSCI,borosilscientific.com
BOSCHLTD,bosch.in
BPCL,bharatpetroleum.in
BPL,bpllimited.com
BRIGADE,brigadegroup.com
BRITANNIA,britannia.co.in
BRNL,brnl.in
BROOKS,brookslabs.net
BSE,bseindia.com
BSHSL,bombaysuperseeds.com
BSL,bslltd.com
BSOFT,birlasoft.com
BTML,bodhitreemultimedia.com
BTML-RE1,Not found
BUTTERFLY,butterflyindia.com
BVCL,barakcement.com
BYKE,thebyke.com
CALSOFT,calsof.com
CAMLINFINE,camlinfs.com
CAMPUS,campusactivewear.com
CAMS,camsonline.com
CANBK,canarabank.com
CANFINHOME,canfinhomes.com
CANTABIL,cantabilinternational.com
CAPACITE,capacite.in
CAPITALSFB,capitalbank.co.in
CAPLIPOINT,caplinpoint.net
CAPTRUST,capitaltrust.in
CARBORUNIV,cumi-murugappa.com
CARERATING,careratings.com
CARRARO,carraroindia.com
CARTRADE,cartradetech.com
CARYSIL,carysil.com
CASTROLIND,castrol.com/en_in/india/home.html
CCCL,ccclindia.com
CCHHL,countryclubindia.net
CCL,cclproducts.com
CDSL,cdslindia.com
CEATLTD,ceat.com
CEIGALL,ceigall.com
CELEBRITY,celebritygroup.com
CELLO,celloworld.com
CENTENKA,centuryenka.com
CENTEXT,centuryextrusions.com
CENTRALBK,centralbankofindia.co.in
CENTRUM,centrum.co.in
CENTUM,centumelectronics.com
CENTURYPLY,centuryply.com
CERA,cera-india.com
CEREBRAINT,cerebracomputers.com
CESC,cesc.co.in
CEWATER,concordenviro.in
CGCL,capriloans.in
CGPOWER,cgglobal.com
CHALET,chalethotels.com
CHAMBLFERT,chambalfertilisers.com
CHEMBOND,chembondindia.com
CHEMCON,cscpl.com
CHEMFAB,chemfabalkalis.com
CHEMPLASTS,chemplastsanmar.com
CHENNPETRO,cpcl.co.in
CHEVIOT,cheviotgroup.com
CHOICEIN,choiceindia.com
CHOLAFIN,cholamandalam.com
CHOLAHLDNG,cholafhl.com
CIEINDIA,cie-india.com
CIGNITITEC,cigniti.com
CINELINE,moviemax.co.in
CINEVISTA,cinevistaas.com
CIPLA,cipla.com
CLEAN,cleanscience.co.in
CLEDUCATE,cleducate.com
CLSEL,clsel.in
CMICABLES,cmilimited.in
CMSINFO,cms.com
COALINDIA,coalindia.in
COASTCORP,coastalcorp.co.in
COCHINSHIP,cochinshipyard.in
COFFEEDAY,coffeeday.com
COFORGE,coforge.com
COLPAL,colgatepalmolive.co.in
COMPINFO,compuageindia.com
COMPUSOFT,compucom.co.in
COMSYN,comsyn.com
CONCOR,concorindia.co.in
CONCORDBIO,concordbiotech.com
CONFIPET,confidencegroup.co
CONSOFINVT,consofinvest.com
CONTROLPR,controlprint.com
CORALFINAC,coralhousing.in
CORDSCABLE,cordscable.com
COROMANDEL,coromandel.biz
COSMOFIRST,cosmofirst.com
COUNCODOS,countrycondos.co.in
CPCAP,cpil.in
CRAFTSMAN,craftsmanautomation.com
CREATIVE,creativenewtech.com
CREATIVEYE,creativeeye.com
CREDITACC,creditaccessgrameen.in
CREST,crest.co.in
CRISIL,crisil.com
CROMPTON,crompton.co.in
CROWN,crownlifters.com
CSBBANK,csb.co.in
CSLFINANCE,cslfinance.in
CTE,ctepl.com
CUB,cityunionbank.com
CUBEXTUB,cubextubings.com
CUMMINSIND,cummins.com/en/in/company/cummins-india?locset=IN
CUPID,cupidlimited.com
CURAA,curatechnologies.in
CYBERMEDIA,cybermedia.co.in
CYBERTECH,cybertech.com
CYIENT,cyient.com
CYIENTDLM,cyientdlm.com
DABUR,dabur.com
DALBHARAT,dalmiabharat.com
DALMIASUG,dalmiasugar.com
DAMCAPITAL,damcapital.in
DAMODARIND,damodargroup.com
DANGEE,dangeedums.com
DATAMATICS,datamatics.com
DATAPATTNS,datapatternsindia.com
DAVANGERE,davangeresugar.com
DBCORP,dbcorpltd.com
DBEIL,deepakbuilders.co.in
DBL,dilipbuildcon.com
DBOL,dhampur.com
DBREALTY,dbrealty.co.in
DBSTOCKBRO,dbonline.in
DCAL,imdcal.com
DCBBANK,dcbbank.com
DCI,dcinfotech.com
DCM,dcm.in
DCMFINSERV,dfslonline.in
DCMNVL,dcmnvl.com
DCMSHRIRAM,dcmshriram.com
DCMSRIND,dcmsr.com
DCW,dcwltd.com
DCXINDIA,dcxindia.com
DDEVPLSTIK,ddevgroup.in
DECCANCE,deccancements.com
DEEDEV,deepiping.com
DEEPAKFERT,dfpcl.com
DEEPAKNTR,godeepak.com
DEEPINDS,deepindustries.com
DELHIVERY,delhivery.com
DELPHIFX,indiaforexonline.com
DELTACORP,deltacorp.in
DELTAMAGNT,deltamagnetsgroup.com/dml/
DEN,dennetworks.com
DENORA,india.denora.com
DENTA,denta.co.in
DEVIT,devitpl.com
DEVYANI,dil-rjcorp.com
DGCONTENT,digicontent.co.in
DHAMPURSUG,dhampursugar.com
DHANBANK,dhanbank.com
DHANI,dhani.com
DHANUKA,dhanuka.com
DHARMAJ,dharmajcrop.com
DHRUV,dhruvconsultancy.in
DHUNINV,dhunseriinvestments.com
DIACABS,dicabs.com
DIAMINESQ,dacl.co.in
DIAMONDYD,yellowdiamond.in
DICIND,dic.co.in
DIFFNKG,diffusionengineers.com
DIGIDRIVE,digidrivelimited.com
DIGISPICE,digispice.com
DIGJAMLMTD,digjam.co.in
DIL,debockgroup.com
DISHTV,dishd2h.com
DIVGIITTS,divgi-tts.com
DIVISLAB,divislabs.com
DIXON,dixoninfo.com
DJML,djcorp.in
DLF,dlf.in
DLINKINDIA,dlink.com/in
DMART,dmartindia.com
DMCC,dmcc.com
DNAMEDIA,dnaindia.com
DODLA,dodladairy.com
DOLATALGO,dolatalgotech.in
DOLLAR,dollarglobal.in
DOLPHIN,dolphinoffshore.com
DOMS,domsindia.com
DONEAR,donear.com
DPABHUSHAN,dpjewellers.com
DPSCLTD,indiapower.com
DPWIRES,dpwires.co.in
DRCSYSTEMS,drcsystems.com
DREAMFOLKS,dreamfolks.in
DREDGECORP,dredge-india.com
DRREDDY,drreddys.com
DSSL,dynacons.com
DTIL,dhunseritea.com
DUCON,duconinfra.co.in
DVL,aspetindia.com
DWARKESH,dwarikesh.com
DYCL,dynamiccables.co.in
DYNAMATECH,dynamatics.com
DYNPRO,dynemic.com
E2E,e2enetworks.com
EASEMYTRIP,easemytrip.com
ECLERX,eclerx.com
ECOSMOBLTY,ecosmobility.com
EDELWEISS,edelweissfin.com
EDUCOMP,educomp.com
EICHERMOT,eichermotors.com
EIDPARRY,eidparry.com
EIEL,eiel.in
EIFFL,euroindiafoods.com
EIHAHOTELS,eihassociatedhotels.in
EIHOTEL,eihltd.com
EIMCOELECO,eimcoelecon.in
EKC,everestkanto.com
ELDEHSG,eldecogroup.com/about-us/eldeco-group/eldeco-housing-industries-ltd
ELECON,elecon.com
ELECTCAST,electrosteel.com
ELECTHERM,electrotherm.com
ELGIEQUIP,elgi.com
ELGIRUBCO,elgirubber.com
ELIN,elinindia.com
EMAMILTD,emamiltd.in
EMAMIPAP,emamipaper.in
EMAMIREAL,emamirealty.com
EMBDL,equinoxindia.com
EMCURE,emcure.com
EMIL,electronicsmartindia.com
EMKAY,emkayglobal.com
EMMBI,emmbi.com
EMSLIMITED,ems.co.in
EMUDHRA,emudhra.com
ENDURANCE,endurancegroup.com
ENERGYDEV,edclgroup.com
ENGINERSIN,engineersindia.com
ENIL,enil.co.in
ENTERO,enterohealthcare.com
EPACK,epackdurable.com
EPIGRAL,epigral.com
EPL,eplglobal.com
EQUIPPP,equippp.in
EQUITASBNK,equitasbank.com
ERIS,eris.co.in
EROSMEDIA,erosmediaworld.com
ESABINDIA,esabindia.com
ESAFSFB,esafbank.com
ESCORTS,escortskubota.com
ESSARSHPNG,essar.com
ESSENTIA,integraessentia.com
ESTER,esterindustries.com
ETERNAL,zomato.com
ETHOSLTD,ethoswatches.com
EUREKAFORB,eurekaforbes.com
EUROTEXIND,eurotexgroup.in
EVEREADY,evereadyindia.com
EVERESTIND,everestind.com
EXCEL,excel-infoways.com
EXCELINDUS,excelind.co.in
EXICOM,exicom-ps.com
EXIDEIND,exideindustries.com
EXPLEOSOL,investors.expleo.com
EXXARO,exxarotiles.com
FACT,fact.co.in
FAIRCHEMOR,fairchem.in
FAZE3Q,fazethree.com
FCL,fineotex.com
FCONSUMER,futureconsumer.in
FCSSOFT,fcsltd.com
FDC,fdcindia.com
FEDERALBNK,federalbank.co.in
FEDFINA,fedfina.com
FEL,felindia.in
FELDVR,felindia.in
FIBERWEB,fiberwebindia.com
FIEMIND,fiemindustries.com
FILATEX,filatex.com
FILATFASH,filatexfashions.co.in
FINCABLES,finolex.com
FINEORG,fineorganics.com
FINOPB,finobank.com
FINPIPE,finolexpipes.com
FIRSTCRY,firstcry.com
FIVESTAR,fivestargroup.in
FLAIR,flairworld.in
FLEXITUFF,flexituff.com
FLFL,futurelifestyle.in
FLUOROCHEM,gfl.co.in
FMGOETZE,federalmogulgoetzeindia.net
FMNL,fmn.co.in
FOCUS,focuslightingandfixtures.com
FOODSIN,foodsandinns.com
FORCEMOT,forcemotors.com
FORTIS,fortishealthcare.com
FOSECOIND,fosecoindia.com
FSC,futuresupplychains.com
FSL,firstsource.com
FUSI-RE,Not found
FUSION,fusionfin.com
GABRIEL,anandgroupindia.com/gabrielindia
GAEL,ambujagroup.com
GAIL,gailonline.com
GALAPREC,galagroup.com
GALAXYSURF,galaxysurfactants.com
GALLANTT,gallantt.com
GANDHAR,gandharoil.com
GANDHITUBE,gandhispecialtubes.com
GANECOS,ganeshaecosphere.com
GANESHBE,ganeshbenzoplast.com
GANESHHOUC,ganeshhousing.com
GANGAFORGE,gangaforging.com
GANGESSECU,birla-sugar.com/Our-Companies/About-Us-GANGES-SECURITIES-LIMITED
GANGOTRI,gangotritextiles.co.in
GARFIBRES,garwarefibres.com
GARUDA,garudaconstructionengineering.com
GATECH,gacmtech.com
GATECHDVR,gacmtech.com
GATEWAY,gatewaydistriparks.com
GAYAHWS,gayatrihighways.com
GAYAPROJ,gayatri.co.in
GEECEE,geeceeventures.com
GEEKAYWIRE,geekaywires.com
GENCON,gecpl.com
GENESYS,igenesys.com
GENSOL,gensol.in
GENUSPAPER,genuspaper.com
GENUSPOWER,genuspower.com
GEOJITFSL,geojit.com
GEPIL,gevernova.com/regions/in/ge-power-india-limited
GESHIP,greatship.com
GFLLIMITED,gfllimited.co.in
GFSTEELS,gfsteel.co.in
GHCL,ghcl.co.in
GHCLTEXTIL,ghcltextiles.co.in
GICHSGFIN,gichfindia.com
GICRE,gicre.in
GILLANDERS,gillandersarbuthnot.com
GILLETTE,gillette.co.in
GINNIFILA,ginnifilaments.com
GIPCL,gipcl.com
GKWLIMITED,gkwltd.com
GLAND,glandpharma.com
GLAXO,india-pharma.gsk.com
GLENMARK,glenmarkpharma.com
GLFL,gujaratleasefinancing.co.in
GLOBAL,globaledu.net.in
GLOBALE,Not found
GLOBALVECT,globalhelicorp.com
GLOBE,globetextiles.net
GLOBUSSPR,globusspirits.com
GLOSTERLTD,glosterjute.com
GMBREW,gmbreweries.com
GMDCLTD,gmdcltd.com
GMMPFAUDLR,gmmpfaudler.com
GMRAIRPORT,gmraero.com
GMRP&UI,gmrpui.com
GNA,gnagroup.com
GNFC,gnfc.in
GOACARBON,goacarbon.com
GOCLCORP,goclcorp.com
GOCOLORS,gocolors.com
GODAVARIB,godavaribiorefineries.com
GODFRYPHLP,godfreyphillips.co.in
GODHA,godhacabcon.com
GODIGIT,godigit.com
GODREJAGRO,godrejagrovet.com
GODREJCP,godrejcp.com
GODREJIND,godrejindustries.com
GODREJPROP,godrejproperties.com
GOENKA,goenkadiamonds.com
GOKEX,gokaldasexports.com
GOKUL,gokulgroup.com
GOKULAGRO,gokulagro.com
GOLDENTOBC,goldentobacco.in
GOLDIAM,goldiam.com
GOLDTECH,aiontech.ai
GOODLUCK,goodluckinternational.com
GOPAL,gopalnamkeen.com
GOYALALUM,goyalaluminiums.com
GPIL,godawaripowerispat.com
GPPL,apmterminals.com/pipavav
GPTHEALTH,ilshospitals.com
GPTINFRA,gptinfra.in
GRANULES,granulesindia.com
GRAPHITE,graphiteindia.com
GRASIM,grasim.com
GRAVITA,gravitaindia.com
GREAVESCOT,greavescotton.com
GREENLAM,greenlamindustries.com
GREENPANEL,greenpanel.com
GREENPLY,greenply.com
GREENPOWER,orientgreenpower.com
GRINDWELL,grindwellnorton.co.in
GRINFRA,grinfra.com
GRMOVER,grmrice.com
GROBTEA,grobtea.com
GRPLTD,grpweb.com
GRSE,grse.in
GRWRHITECH,garwarehitechfilms.com
GSFC,gsfclimited.com
GSLSU,globalsurfaces.in
GSPL,gspcgroup.com/GSPL
GSS,gssinfotech.com
GTECJAINX,gtecjainxeducation.com
GTL,gtllimited.com
GTLINFRA,gtlinfra.com
GTPL,gtpl.net
GUFICBIO,gufic.com
GUJALKALI,gacl.com
GUJAPOLLO,apollo.co.in
GUJGASLTD,gujaratgas.com
GUJRAFFIA,griltarp.com
GUJTHEM,gtbl.in
GULFOILLUB,india.gulfoilltd.com
GULFPETRO,gppetroleums.co.in
GULPOLY,gulshanindia.com
GVKPIL,gvk.com
GVPTECH,gvpinfotech.com
GVT&D,gevernova.com/regions/in/ge-td-india-limited
HAL,hal-india.co.in
HAPPSTMNDS,happiestminds.com
HAPPYFORGE,happyforgingsltd.com
HARDWYN,hardwyn.com
HARIOMPIPE,hariompipes.com
HARRMALAYA,harrisonsmalayalam.com
HARSHA,harshaengineers.com
HATHWAY,hathway.com
HATSUN,hap.in
HAVELLS,havells.com
HAVISHA,srihavisha.in
HBLENGINE,hbl.in
HBSL,hbstockholdings.com
HCC,hccindia.com
HCG,hcgoncology.com
HCL-INSYS,hclinfosystems.in
HCLTECH,hcltech.com
HDFCAMC,hdfcfund.com
HDFCBANK,hdfcbank.com
HDFCLIFE,hdfclife.com
HDIL,hdil.in
HEADSUP,huvl.in
HECPROJECT,hecprojects.in
HEG,hegltd.com
HEIDELBERG,mycemco.com
HEMIPROP,hpil.co.in
HERANBA,heranba.co.in
HERCULES,herculeshoists.in
HERITGFOOD,heritagefoods.in
HEROMOTOCO,heromotocorp.com
HESTERBIO,hester.in
HEUBACHIND,heubach.com
HEXATRADEX,hexatradex.com
HEXT,hexaware.com
HFCL,hfcl.com
HGINFRA,hginfra.com
HGS,hgs.cx
HIKAL,hikal.com
HILTON,hiltonmetal.com
HIMATSEIDE,himatsingka.com
HINDALCO,hindalco.com
HINDCOMPOS,hindcompo.com
HINDCON,hindcon.com
HINDCOPPER,hindustancopper.com
HINDMOTORS,hindmotor.com
HINDNATGLS,hngil.com
HINDOILEXP,hoec.com
HINDPETRO,hindustanpetroleum.com
HINDUNILVR,hul.co.in
HINDWAREAP,hindwarehomes.com
HINDZINC,hzlindia.com
HIRECT,hirect.com
HISARMETAL,hisarmetal.com
HITECH,hitechpipes.in
HITECHCORP,hitechgroup.com/new/rigidplastic.html
HITECHGEAR,thehitechgears.com
HLEGLAS,hleglascoat.com
HLVLTD,hlvltd.com
HMAAGRO,hmagroup.co
HMT,hmtindia.com
HMVL,hmvl.in
HNDFDS,hindustanfoodslimited.com
HOMEFIRST,homefirstindia.com
HONASA,honasa.in
HONAUT,honeywell.com/in/en/hail
HONDAPOWER,hondaindiapower.com
HOVS,hovsltd.com
HPAL,hpadhesives.com
HPIL,hindprakash.in
HPL,hplindia.com
HSCL,himadri.com
HTMEDIA,htmedia.in
HUBTOWN,hubtown.co.in
HUDCO,hudco.org.in
HUHTAMAKI,flexibles.huhtamaki.in
HYBRIDFIN,hybridfinance.co.in
HYUNDAI,hyundai.com/in
ICDSLTD,icdslimited.com
ICEMAKE,icemakeindia.com
ICICIBANK,icicibank.com
ICICIGI,icicilombard.com
ICICIPRULI,iciciprulife.com
ICIL,indocount.com
ICRA,icra.in
IDBI,idbibank.in
IDEA,myvi.in
IDEAFORGE,ideaforgetech.com
IDFCFIRSTB,idfcfirstbank.com
IEL,indiabullsenterprises.com
IEX,iexindia.com
IFBAGRO,ifbagro.in
IFBIND,ifbindustries.com
IFCI,ifciltd.com
IFGLEXPOR,ifglgroup.com
IGARASHI,igarashimotors.com
IGIL,igi.org
IGL,iglonline.net
IGPL,igpetro.com
IIFL,iifl.com
IIFLCAPS,iiflcapital.com
IITL,iitlgroup.com
IKIO,ikio.in
IKS,ikshealth.com
IL&FSENGG,ilfsengg.com
IL&FSTRANS,itnlindia.com
IMAGICAA,imagicaaworld.com
IMFA,imfa.in
IMPAL,impal.net
IMPEXFERRO,impexferrotech.com
INCREDIBLE,incredibleindustries.co.in
INDBANK,indbankonline.com
INDGN,indegene.com
INDHOTEL,ihcltata.com
INDIACEM,indiacements.co.in
INDIAGLYCO,indiaglycols.com
INDIAMART,indiamart.com
INDIANB,indianbank.in
INDIANCARD,cardindia.com
INDIANHUME,indianhumepipe.com
INDIASHLTR,indiashelter.in
INDIGO,goindigo.in
INDIGOPNTS,indigopaints.com
INDNIPPON,indianippon.com
INDOAMIN,indoaminesltd.com
INDOBORAX,indoborax.com
INDOCO,indoco.com
INDOFARM,indofarm.in
INDORAMA,indoramaindia.com
INDOSTAR,indostarcapital.com
INDOTECH,indo-tech.com
INDOTHAI,indothai.co.in
INDOUS,indousagriseeds.com
INDOWIND,indowind.co.in
INDRAMEDCO,apollohospitals.com/delhi/
INDSWFTLAB,indswiftlabs.com
INDSWFTLTD,indswiftltd.com
INDTERRAIN,indianterrain.com
INDUSINDBK,indusind.com
INDUSTOWER,industowers.com
INFIBEAM,ia.ooo
INFOBEAN,infobeans.com
INFOMEDIA,infomediapress.in
INFY,infosys.com
INGERRAND,irco.com
INNOVACAP,innovacaptab.com
INNOVANA,innovanathinklabs.com
INOXGREEN,inoxgreen.com
INOXINDIA,inoxcva.com
INOXWIND,inoxwind.com
INSECTICID,insecticidesindia.com
INSPIRISYS,inspirisys.com
INTELLECT,intellectdesign.com
INTENTECH,in10stech.com
INTERARCH,interarchbuildings.com
INTLCONV,iclbelting.com
INVENTURE,inventuregrowth.com
IOB,iob.in
IOC,iocl.com
IOLCP,iolcp.com
IONEXCHANG,ionexchangeglobal.com
IPCALAB,ipca.com
IPL,indiapesticideslimited.com
IRB,irb.co.in
IRCON,ircon.org
IRCTC,irctc.com
IREDA,ireda.in
IRFC,irfc.co.in
IRIS,irisbusiness.com
IRISDOREME,irisclothings.in
IRMENERGY,irmenergy.com
ISFT,itlindia.com
ISGEC,isgec.com
ISHANCH,ishandyes.com
ITC,itcportal.com
ITCHOTELS,itchotels.com
ITDC,itdc.co.in
ITDCEM,itdcem.co.in
ITI,itiltd.in
IVC,iimlindia.com
IVP,ivpindia.com
IWEL,iwel.co.in
IXIGO,ixigo.com
IZMO,izmoltd.com
J&KBANK,jkbank.com
JAGRAN,jplcorp.in
JAGSNPHARM,jagsonpal.com
JAIBALAJI,jaibalajigroup.com
JAICORPLTD,jaicorpindia.com
JAIPURKURT,nandanicreation.com
JAMNAAUTO,jaispring.com
JASH,jashindia.com
JAYAGROGN,jayantagro.com
JAYBARMARU,jbmgroup.com/investors/jay-bharat-maruti-ltd/
JAYNECOIND,necoindia.com
JAYSREETEA,jayshreetea.com
JBCHEPHARM,jbpharma.com
JBMA,jbmgroup.com
JCHAC,hitachiaircon.in
JETFREIGHT,jfll.com
JGCHEM,jgchem.com
JHS,svendgaard.com
JINDALPHOT,jindalphoto.com
JINDALPOLY,jindalpoly.com
JINDALSAW,jindalsaw.com
JINDALSTEL,jindalsteel.com
JINDRILL,jindal.com/jdil/index.html
JINDWORLD,jindaltextiles.com
JIOFIN,jfs.in
JISLDVREQS,jains.com
JISLJALEQS,jains.com
JITFINFRA,jindalinfralogistics.com
JKCEMENT,jkcement.com
JKIL,jkumar.com
JKLAKSHMI,jklakshmicement.com
JKPAPER,jkpaper.com
JKTYRE,jktyre.com
JLHL,jupiterhospital.com
JMA,jmaindia.com
JMFINANCIL,jmfl.com
JNKINDIA,jnkindia.com
JOCIL,jocil.in
JPASSOCIAT,jalindia.com
JPOLYINVST,jpifcl.com
JPPOWER,jppowerventures.com
JSFB,janabank.com
JSL,jindalstainless.com
JSWENERGY,jsw.in/energy
JSWHL,jsw.in/investors/holdings
JSWINFRA,jsw.in/infrastructure
JSWSTEEL,jswsteel.in
JTEKTINDIA,jtekt.co.in
JTLIND,jtl.one
JUBLCPL,jacpl.co.in
JUBLFOOD,jubilantfoodworks.com
JUBLINGREA,jubilantingrevia.com
JUBLPHARMA,jubilantpharmova.com
JUNIPER,juniperhotels.com
JUSTDIAL,justdial.com
JWL,jupiterwagons.com
JYOTHYLAB,jyothylabs.com
JYOTICNC,jyoti.co.in
JYOTISTRUC,jyotistructures.in
KABRAEXTRU,kolsite.com
KAJARIACER,kajariaceramics.com
KAKATCEM,kakatiyacements.com
KALAMANDIR,sskl.co.in
KALYANI,kalyanicommercialsltd.com
KALYANIFRG,kalyaniforge.co.in
KALYANKJIL,kalyanjewellers.net
KAMATHOTEL,khil.com
KAMDHENU,kamdhenulimited.com
KAMOPAINTS,kamdhenupaints.com
KANANIIND,kananiindustries.com
KANORICHEM,kanoriachem.com
KANPRPLA,kanplas.com/en/home
KANSAINER,nerolac.com
KAPSTON,kapstonfm.com
KARMAENG,karmaenergy.co
KARURVYSYA,kvb.co.in
KAUSHALYA,kaushalya.net
KAVVERITEL,kavveridefence.com
KAYA,kaya.in
KAYNES,kaynestechnology.co.in
KBCGLOBAL,kardaconstruction.com
KCP,kcp.co.in
KCPSUGIND,kcpsugar.com
KDDL,kddl.com
KEC,kecrpg.com
KECL,kirloskarelectric.com
KEEPLEARN,dsjkeeplearning.com
KEI,kei-ind.com
KELLTONTEC,kellton.com
KERNEX,kernex.in
KESORAMIND,kesocorp.com
KEYFINSERV,keynoteindia.net
KFINTECH,kfintech.com
KHADIM,khadims.com
KHAICHEM,kcfl.co.in
KHAITANLTD,khaitan.com
KHANDSE,kslindia.com
KICL,kalyani-investment.com
KILITCH,kilitch.com
KIMS,kimshospitals.com
KINGFA,kingfaindia.com
KIOCL,kioclltd.in
KIRIINDUS,kiriindustries.com
KIRLOSBROS,kirloskarpumps.com
KIRLOSENG,kirloskaroilengines.com
KIRLOSIND,kirloskarindustries.com
KIRLPNU,kirloskarpneumatic.com
KITEX,kitexgarments.com
KKCL,kewalkiran.com
KMEW,kmew.in
KMSUGAR,kmsugar.com
KNRCON,knrcl.com
KOHINOOR,kohinoorfoods.in
KOKUYOCMLN,kokuyocamlin.com
KOLTEPATIL,koltepatil.com
KOPRAN,kopran.com
KOTAKBANK,kotak.com
KOTARISUG,hckotharigroup.com/kscl
KOTHARIPET,kotharipetrochemicals.com
KOTHARIPRO,kothariproducts.in
KPEL,kpenergy.in
KPIGREEN,kpigreenenergy.com
KPIL,kalpataruprojects.com
KPITTECH,kpit.com
KPRMILL,kprmilllimited.com
KRBL,krblrice.com
KREBSBIO,krebsbiochem.com
KRIDHANINF,kridhan.com
KRISHANA,krishnaphoschem.com
KRITI,kritiindustries.com
KRITIKA,kritikawires.com
KRITINUT,kritinutrients.com
KRN,krnheatexchanger.com
KRONOX,kronoxlabsciences.com
KROSS,krosslimited.com
KRSNAA,krsnaadiagnostics.com
KRYSTAL,krystal-group.com
KSB,ksb.com/en-in
KSCL,kaveriseeds.in
KSHITIJPOL,kshitijpolyline.co.in
KSL,kalyanisteels.com
KSOLVES,ksolves.com
KTKBANK,karnatakabank.com
KUANTUM,kuantumpapers.com
LAGNAM,lagnamspintex.com
LAKPRE,lpsindia.com
LAL,monteil.in
LALPATHLAB,lalpathlabs.com
LAMBODHARA,lambodharatextiles.com
LANCORHOL,lancor.in
LANDMARK,grouplandmark.in
LAOPALA,laopala.in
LASA,lasalabs.com
LATENTVIEW,latentview.com
LATTEYS,latteysindustries.com
LAURUSLABS,lauruslabs.com
LAXMICOT,laxmicotspin.com
LAXMIDENTL,laxmidentallimited.com
LCCINFOTEC,lccinfotech.in
LEMONTREE,lemontreehotels.com
LEXUS,lexusgranito.com
LFIC,lakshmifinance.org.in
LGBBROSLTD,lgb.co.in
LGHL,laxmilifestyle.co.in
LIBAS,Not found
LIBERTSHOE,libertyshoes.com
LICHSGFIN,lichousing.com
LICI,licindia.in
LIKHITHA,likhitha.co.in
LINC,linclimited.com
LINCOLN,lincolnpharma.com
LINDEINDIA,linde.in
LLOYDSENGG,lloydsengg.in
LLOYDSENT,lloydsenterprises.in
LLOYDSME,lloyds.in
LMW,lmwglobal.com
LODHA,lodhagroup.in
LOKESHMACH,lokeshmachines.com
LORDSCHLO,lordschloro.com
LOTUSEYE,lotuseye.org
LOVABLE,lovableindia.in
LOYALTEX,loyaltextiles.com
LPDC,landmarkproperty.in
LT,larsentoubro.com
LTF,ltfs.com
LTFOODS,ltgroup.in
LTIM,ltimindtree.com
LTTS,ltts.com
LUMAXIND,lumaxworld.in/lumaxindustries
LUMAXTECH,lumaxworld.in/lumaxautotech
LUPIN,lupin.com
LUXIND,luxinnerwear.com
LXCHEM,laxmi.com
LYKALABS,lykalabs.com
LYPSAGEMS,lypsa.in
M&M,mahindra.com
M&MFIN,mahindrafinance.com
MAANALU,maanaluminium.com
MACPOWER,macpowercnc.com
MADHAV,madhavmarbles.com
MADHUCON,madhucon.com
MADRASFERT,madrasfert.co.in
MAGADSUGAR,birla-sugar.com/Our-Companies/About-Us-MAGADH-SUGAR-AND-ENERGY-LIMITED
MAGNUM,magnumventures.in
MAHABANK,bankofmaharashtra.in
MAHAPEXLTD,maharashtraapex.com
MAHASTEEL,mahamayagroup.in
MAHEPC,mahindrairrigation.com
MAHESHWARI,mlpl.biz
MAHLIFE,mahindralifespaces.com
MAHLOG,mahindralogistics.com
MAHSCOOTER,mahascooters.com
MAHSEAMLES,jindal.com/msl
MAITHANALL,maithanalloys.com
MALLCOM,mallcom.in
MALUPAPER,malupaper.com
MAMATA,mamata.com
MANAKALUCO,manaksiaaluminium.com
MANAKCOAT,manaksiacoatedmetals.com
MANAKSIA,manaksia.com
MANAKSTEEL,manaksiasteels.com
MANALIPETC,manalipetro.com
MANAPPURAM,manappuram.com
MANBA,manbafinance.com
MANCREDIT,mangalfincorp.com
MANGALAM,mangalamdrugs.com
MANGCHEFER,mangalorechemicals.com
MANGLMCEM,mangalamcement.com
MANINDS,mangroup.com
MANINFRA,maninfra.com
MANKIND,mankindpharma.com
MANOMAY,manomaytexindia.com
MANORAMA,manoramagroup.co.in
MANORG,mangalamorganics.com
MANUGRAPH,manugraph.com
MANYAVAR,vedantfashions.com
MAPMYINDIA,mapmyindia.com
MARALOVER,maraloverseas.com
MARATHON,marathon.in
MARICO,marico.com
MARINE,marineelectricals.com
MARKSANS,marksanspharma.com
MARSHALL,marshallcnc.com
MARUTI,marutisuzuki.com
MASFIN,mas.co.in
MASKINVEST,maskinvestments.com
MASTEK,mastek.com
MASTERTR,mastertrust.co.in
MATRIMONY,matrimony.com
MAWANASUG,mawanasugars.com
MAXESTATES,maxestates.in
MAXHEALTH,maxhealthcare.in
MAXIND,maxindia.com
MAYURUNIQ,mayuruniquoters.com
MAZDA,mazdalimited.com
MAZDOCK,mazagondock.in
MBAPL,mbapl.com
MBLINFRA,mblinfra.com
MCL,madhavcopper.com
MCLEODRUSS,mcleodrussel.com
MCLOUD,magellanic-cloud.com
MCX,mcxindia.com
MEDANTA,medanta.org
MEDIASSIST,mediassist.in
MEDICAMEQ,medicamen.com
MEDICO,medicoremedies.com
MEDPLUS,medplusindia.com
MEGASOFT,megasoft.com
MEGASTAR,megastarfoods.com
MENONBE,menonbearings.in
MEP,mepinfra.com
METROBRAND,metrobrands.com
METROPOLIS,metropolisindia.com
MFML,Not found
MFSL,maxfinancialservices.com
MGEL,groupmangalam.com
MGL,mahanagargas.com
MHLXMIRU,mrtglobal.com
MHRIL,clubmahindra.com
MICEL,mic.co.in
MIDHANI,midhani-india.in
MINDACORP,sparkminda.com
MINDTECK,mindteck.com
MIRCELECTR,onida.com
MIRZAINT,mirza.co.in
MITCON,mitconindia.com
MITTAL,mittallifestyle.in
MKPL,mkproteins.in
MMFL,mmforgings.com
MMP,mmpil.com
MMTC,mmtclimited.com
MOBIKWIK,mobikwik.com
MODIRUBBER,modirubberlimited.com
MODISONLTD,modison.com
MODTHREAD,Not found
MOHITIND,mohitindustries.com
MOIL,moil.nic.in
MOKSH,mokshornaments.com
MOL,meghmani.com
MOLDTECH,moldtekengineering.com
MOLDTKPAC,moldtekpackaging.com
MONARCH,mnclgroup.com
MONTECARLO,montecarlocorporate.com
MORARJEE,morarjee.com
MOREPENLAB,morepen.com
MOSCHIP,moschip.com
MOTHERSON,motherson.com
MOTILALOFS,motilaloswalgroup.com
MOTISONS,motisonsjewellers.com
MOTOGENFIN,mgfltd.com
MPHASIS,mphasis.com
MPSLTD,mpslimited.com
MRF,mrftyres.com
MRPL,mrpl.co.in
MSPL,mspsteel.com
MSTCLTD,mstcindia.co.in
MSUMI,mswil.motherson.com
MTARTECH,mtar.in
MTEDUCARE,mteducare.com
MTNL,mtnl.net.in
MUFIN,mufingreenfinance.com
MUFTI,credobrands.in
MUKANDLTD,mukand.com
MUKKA,mukkaproteins.com
MUKTAARTS,muktaarts.com
MUNJALAU,munjalauto.com
MUNJALSHOW,munjalshowa.net
MURUDCERA,naveentile.com
MUTHOOTCAP,muthootcap.com
MUTHOOTFIN,muthootfinance.com
MUTHOOTMF,muthootmicrofin.com
MVGJL,vaibhavjewellers.com
NACLIND,naclind.com
NAGAFERT,nfcl.in
NAGREEKCAP,nagreeka.com/capital
NAGREEKEXP,nagreeka.com/nagreeka-exports
NAHARCAP,owmnahar.com/nahar_cf/about.php
NAHARINDUS,owmnahar.com/nahar_ie/about.php
NAHARPOLY,owmnahar.com/nahar_polyfilm/about.php
NAHARSPING,owmnahar.com
NAM-INDIA,nipponindiamf.com/AboutUs/CompanyProfile/Pages/Reliance-Nippon-Life-Asset-Management-Limited.aspx
NARMADA,narmadaagrobase.com
NATCAPSUQ,naturalcapsules.com
NATCOPHARM,natcopharma.co.in
NATHBIOGEN,nathbiogenes.com
NATIONALUM,nalcoindia.com
NAUKRI,infoedge.in
NAVA,navalimited.com
NAVINFLUOR,nfil.in
NAVKARCORP,navkarcorp.com
NAVKARURB,navkarurbanstructure.com
NAVNETEDUL,navneet.com
NAZARA,nazara.com
NBCC,nbccindia.in
NBIFIN,nbi-india.co.in
NCC,ncclimited.com
NCLIND,nclind.com
NDGL,nagadhunserigroup.com
NDL,nandandenim.com
NDLVENTURE,ndlventures.in
NDRAUTO,ndrauto.com
NDTV,ndtv.com
NECCLTD,neccgroup.com
NECLIFE,neclife.com
NELCAST,nelcast.com
NELCO,nelco.in
NEOGEN,neogenchem.com
NESCO,nesco.in
NESTLEIND,nestle.in
NETWEB,netwebindia.com
NETWORK18,nw18.com
NEULANDLAB,neulandlabs.com
NEWGEN,newgensoft.com
NEXTMEDIA,nextmediaworks.com
NFL,nationalfertilizers.com
NGIL,nakodas.com
NGLFINE,nglfinechem.com
NH,narayanahealth.org
NHPC,nhpcindia.com
NIACL,newindia.co.in
NIBE,nibelimited.com
NIBL,nrbindustrialbearings.com
NIITLTD,niit.com
NIITMTS,niit.com/en/learning-outsourcing/
NILAINFRA,nilainfra.com
NILASPACES,nilaspaces.com
NILKAMAL,nilkamal.com
NINSYS,nintecsystems.com
NIPPOBATRY,nippo.in
NIRAJ,niraj.co.in
NIRAJISPAT,Not found
NITCO,nitco.in
NITINSPIN,nitinspinners.com
NITIRAJ,nitiraj.net
NIVABUPA,nivabupa.com
NKIND,nkindustriesltd.com
NLCINDIA,nlcindia.in
NMDC,nmdc.co.in
NOCIL,nocil.com
NOIDATOLL,ntbcl.com
NORBTEAEXP,norbentea.com
NORTHARC,northernarc.com
NOVAAGRI,novaagri.in
NRAIL,nrail.com
NRBBEARING,nrbbearings.com
NRL,nupurrecyclers.com
NSIL,nalwasons.com
NSLNISP,nmdcsteel.nmdc.co.in
NTPC,ntpc.co.in
NTPCGREEN,ngel.in
NUCLEUS,nucleussoftware.com
NURECA,nureca.com
NUVAMA,nuvama.com
NUVOCO,nuvoco.com
NYKAA,nykaa.com
OAL,orientalaromatics.com
OBCL,obclimited.com
OBEROIRLTY,oberoirealty.com
OCCL,agventuresltd.com
OCCLLTD,Not found
ODIGMA,Not found
OFSS,oracle.com/financial-services
OIL,oil-india.com
OILCOUNTUB,octlindia.com
OLAELEC,olaelectric.com
OLECTRA,olectra.com
OMAXAUTO,omaxauto.com
OMAXE,omaxe.com
OMINFRAL,ommetals.com
OMKARCHEM,omkarchemicals.com
ONELIFECAP,onelifecapital.in
ONEPOINT,1point1.in
ONESOURCE,onesourcecdmo.com
ONGC,ongcindia.com
ONMOBILE,onmobile.com
ONWARDTEC,onwardgroup.com
OPTIEMUS,optiemus.com
ORBTEXP,orbitexports.com
ORCHASP,orchasp.com
ORCHPHARMA,orchidpharma.com
ORICONENT,oriconenterprises.com
ORIENTALTL,orientaltrimex.com
ORIENTBELL,orientbell.com
ORIENTCEM,orientcement.com
ORIENTCER,orientceratech.com
ORIENTELEC,orientelectric.com
ORIENTHOT,orientalhotels.co.in
ORIENTLTD,orientpressltd.com
ORIENTPPR,orientpaper.in
ORIENTTECH,orientindia.in
ORISSAMINE,birdgroup.co.in/omdc
ORTEL,ortelcom.com
ORTINGLOBE,ortinlabsindia.com
OSIAHYPER,osiahypermart.com
OSWALAGRO,oswalagromills.com
OSWALGREEN,oswalgreens.com
OSWALSEEDS,oswalseeds.com
PAGEIND,jockey.in
PAISALO,paisalo.in
PAKKA,pakka.com
PALASHSECU,birla-sugar.com
PALREDTEC,palred.com
PANACEABIO,panaceabiotec.com
PANACHE,panachedigilife.com
PANAMAPET,panamapetro.com
PANSARI,pansaridevelopers.com
PAR,pardrugs.com
PARACABLES,paramountcables.com
PARADEEP,paradeepphosphates.com
PARAGMILK,paragmilkfoods.com
PARAS,parasdefence.com
PARASPETRO,paraspetrofils.in
PARKHOTELS,theparkhotels.com
PARSVNATH,parsvnath.com
PASUPTAC,pasupatiacrylon.com
PATANJALI,patanjalifoods.com
PATELENG,pateleng.com
PATINTLOG,patel-india.com
PAVNAIND,pavna.in
PAYTM,paytm.com
PCBL,pcblltd.com
PCJEWELLER,pcjeweller.com
PDMJEPAPER,pudumjee.com
PDSL,pdsltd.com
PEARLPOLY,pearlpet.com
PEL,piramal.com/businesses/piramal-enterprises/
PENIND,pennarindia.com
PENINLAND,peninsula.co.in
PERSISTENT,persistent.com
PETRONET,petronetlng.in
PFC,pfcindia.com
PFIZER,pfizerltd.co.in
PFOCUS,primefocus.com
PFS,ptcfinancial.com
PGEL,pgel.in
PGHH,in.pg.com
PGHL,pghealthindia.com
PGIL,pearlglobal.com
PHOENIXLTD,thephoenixmills.com
PIDILITIND,pidilite.com
PIGL,power-instrumentation.grouppower.org
PIIND,piindustries.com
PILANIINVS,pilaniinvestment.com
PILITA,italica.com
PIONEEREMB,pelhakoba.com
PITTIENG,pitti.in
PIXTRANS,pixtrans.com
PKTEA,periatea.com
PLASTIBLEN,plastiblends.com
PLATIND,platinumindustriesltd.com
PLAZACABLE,plazawires.in
PNB,pnbindia.in
PNBGILTS,pnbgilts.com
PNBHOUSING,pnbhousing.com
PNC,pritishnandycom.com
PNCINFRA,pncinfratech.com
PNGJL,pngjewellers.com
POCL,pocl.com
PODDARHOUS,poddarhousing.com
PODDARMENT,poddarpigmentsltd.com
POKARNA,pokarna.com
POLICYBZR,pbfintech.in
POLYCAB,polycab.com
POLYMED,polymedicure.com
POLYPLEX,polyplex.com
PONNIERODE,ponnisugars.com
POONAWALLA,poonawallafincorp.com
POWERGRID,powergrid.in
POWERINDIA,hitachienergy.com/in/en
POWERMECH,powermechprojects.com
PPAP,ppapco.in
PPL,prakashplastics.in
PPLPHARMA,piramalpharma.com
PRABHA,prabhaenergy.com
PRAENG,prajayengineers.com
PRAJIND,praj.net
PRAKASH,prakash.com
PRAKASHSTL,prakashsteelage.com
PRAXIS,praxisretail.in
PRECAM,pclindia.in
PRECOT,precot.com
PRECWIRE,precisionwires.com
PREMEXPLN,pelgel.com
PREMIER,premier.co.in
PREMIERENE,premierenergies.com
PREMIERPOL,premierpoly.com
PRESTIGE,prestigeconstructions.com
PRICOLLTD,pricol.com
PRIMESECU,primesec.com
PRINCEPIPE,princepipes.com
PRITI,pritihome.com
PRITIKAUTO,pritikaautoindustries.com
PRIVISCL,privi.com
PROTEAN,proteantech.in
PROZONER,prozonerealty.com
PRSMJOHNSN,prismjohnson.in
PRUDENT,prudentcorporate.com
PRUDMOULI,Not found
PSB,punjabandsindbank.co.in
PSPPROJECT,pspprojects.com
PTC,ptcindia.com
PTCIL,ptcil.com
PTL,ptlenterprise.com
PUNJABCHEM,punjabchemicals.com
PURVA,puravankara.com
PVP,pvpglobal.com
PVRINOX,pvrcinemas.com
PVSL,popularmaruti.com
PYRAMID,pyramidtechnoplast.com
QPOWER,qualitypower.com
QUADFUTURE,quadrantfuturetek.com
QUESS,quesscorp.com
QUICKHEAL,quickheal.co.in
QUINTEGRA,quintegrasolutions.com
RACE,raceecochain.com
RACLGEAR,raclgeartech.com
RADAAN,radaan.tv
RADHIKAJWE,radhikajeweltech.com
RADIANTCMS,radiantcashservices.com
RADICO,radicokhaitan.com
RADIOCITY,radiocity.in
RAILTEL,railtelindia.com
RAIN,rain-industries.com
RAINBOW,rainbowhospitals.in
RAJESHEXPO,rajeshindia.com
RAJMET,rajnandinimetal.com
RAJRATAN,rajratan.co.in
RAJRILTD,rajrayon.com
RAJSREESUG,rajshreesugars.com
RAJTV,rajtvnet.in
RAJVIR,rajvirindustrieslimited.com
RALLIS,rallis.com
RAMANEWS,ramanewsprint.com
RAMAPHO,ramaphosphates.com
RAMASTEEL,ramasteel.com
RAMCOCEM,ramcocements.in
RAMCOIND,ramcoindltd.com
RAMCOSYS,ramco.com
RAMKY,ramkyinfrastructure.com
RAMRAT,rrshramik.com
RANASUG,ranagroup.com/rsl/index.htm
RANEENGINE,ranegroup.com/rane-engine-valve-limited/
RANEHOLDIN,ranegroup.com
RATEGAIN,rategain.com
RATNAMANI,ratnamani.com
RATNAVEER,ratnaveer.com
RAYMOND,raymond.in
RAYMONDLSL,raymondlifestyle.com
RBA,burgerking.in
RBL,ranegroup.com/rane-brake-lining-limited/
RBLBANK,rblbank.com
RBZJEWEL,rbzjewellers.com
RCF,rcfltd.com
RCOM,rcom.co.in
RECLTD,recindia.nic.in
REDINGTON,redingtongroup.com
REDTAPE,redtape.com
REFEX,refex.co.in
REGENCERAM,regencytiles.com
RELAXO,relaxofootwear.com
RELCHEMQ,reliancechemotex.com
RELIABLE,rdspl.com
RELIANCE,ril.com
RELIGARE,religare.com
RELINFRA,rinfra.com
RELTD,ravindraenergy.com
REMSONSIND,remsons.com
RENUKA,renukasugars.com
REPCOHOME,repcohome.com
REPL,repl.global
REPRO,reproindialtd.com
RESPONIND,responsiveindustries.com
RETAIL,Not found
RGL,renaissanceglobal.com
RHFL,reliancehomefinance.com
RHIM,rhimagnesitaindia.com
RHL,robusthotels.in
RICOAUTO,ricoauto.com
RIIL,riil.in
RISHABH,rishabh.co.in
RITCO,ritcologistics.com
RITES,rites.com
RKDL,ravikumardistilleries.com
RKEC,rkecprojects.com
RKFORGE,ramkrishnaforgings.com
RKSWAMY,rkswamy.com
RML,ranegroup.com/rml-steering-and-linkage-business
ROHLTD,royalorchidhotels.com
ROLEXRINGS,rolexrings.com
ROLLT,rollatainers.in
ROLTA,rolta.com
ROML,rajoilmillsltd.com
ROSSARI,rossari.com
ROSSELLIND,rossellindia.com
ROSSTECH,rosselltechsys.com
ROTO,rotopumps.com
ROUTE,routemobile.com
RPEL,rammingmass.com
RPGLIFE,rpglifesciences.com
RPOWER,reliancepower.co.in
RPPINFRA,rppipl.com
RPPL,rajshreepolypack.com
RPSGVENT,rpsgventuresltd.com
RPTECH,rptechindia.com
RRKABEL,rrkabel.com
RSSOFTWARE,rssoftware.com
RSWM,rswm.in
RSYSTEMS,rsystems.com
RTNINDIA,rattanindia.com
RTNPOWER,rattanindiapower.com
RUBFILA,rubfila.com
RUBYMILLS,rubymills.com
RUCHINFRA,ruchiinfrastructure.com
RUCHIRA,ruchirapapers.com
RUPA,rupa.co.in
RUSHIL,rushil.com
RUSTOMJEE,rustomjee.com
RVHL,ravinderheights.com
RVNL,rvnl.org
RVTH,reldrill.com
S&SPOWER,sspower.com
SABEVENTS,governancenow.com
SABTNL,adhikaribrothers.com
SADBHAV,sadbhaveng.com
SADBHIN,sadbhavinfra.co.in
SADHNANIQ,sncl.com
SAFARI,safaribags.com
SAGARDEEP,sdalloys.com
SAGCEM,sagarcements.in
SAGILITY,sagilityhealth.com
SAH,sahpolymers.com
SAHYADRI,silworld.in
SAIL,sail.co.in
SAILIFE,sailife.com
SAKAR,sakarhealthcare.com
SAKHTISUG,sakthisugars.com
SAKSOFT,saksoft.com
SAKUMA,sakumaexportsltd.com
SALASAR,salasartechno.com
SALONA,salonacotspin.com
SALSTEEL,salsteel.co.in
SALZERELEC,salzergroup.net
SAMBHAAV,sambhaav.com
SAMHI,samhi.co.in
SAMMAANCAP,sammaancapital.com
SAMPANN,suil.in
SANATHAN,sanathan.com
SANCO,sancopipes.com
SANDESH,sandesh.com
SANDHAR,sandhargroup.com
SANDUMA,sandurgroup.com
SANGAMIND,sangamgroup.com
SANGHIIND,sanghicement.com
SANGHVIMOV,sanghvicranes.com
SANGINITA,sanginitachemicals.co.in
SANOFI,sanofi.com/en/india/investors
SANOFICONR,sanofi.com/en/Consumer-Healthcare/health-and-well-being
SANSERA,sansera.in
SANSTAR,sanstar.in
SANWARIA,sanwariaconsumer.com
SAPPHIRE,sapphirefoods.in
SARDAEN,seml.co.in
SAREGAMA,saregama.com
SARLAPOLY,sarlafibers.com
SARVESHWAR,sarveshwarfoods.com
SASKEN,sasken.com
SASTASUNDR,sastasundarventures.com
SATIA,satiagroup.com
SATIN,satincreditcare.com
SATINDLTD,satgroup.in
SAURASHCEM,scl.mehtagroup.com
SBC,sbcexportslimited.com
SBCL,shivalikbimetals.com
SBFC,sbfc.com
SBGLP,suratwwala.co.in
SBICARD,sbicard.com
SBILIFE,sbilife.co.in
SBIN,sbi.co.in
SCHAEFFLER,schaeffler.co.in
SCHAND,schandgroup.com
SCHNEIDER,infra-in.se.com
SCI,shipindia.com
SCILAL,scilal.com
SCPL,sheetalfoodworld.com
SDBL,somindia.com
SEAMECLTD,seamec.in
SECMARK,secmark.in
SECURCRED,secur.co.in
SECURKLOUD,securekloud.com
SEJALLTD,sejalglass.co.in
SELAN,selanoil.com
SELMC,selindia.in
SEMAC,semacconsultants.com
SENCO,sencogoldanddiamonds.com
SENORES,senorespharma.com
SEPC,shriramepc.com
SEQUENT,sequent.in
SERVOTECH,servotech.in
SESHAPAPER,spbltd.com
SETCO,setcoauto.com
SETUINFRA,prakashconstro.com
SEYAIND,seya.in
SFL,sheelafoam.com
SGIL,synergygreenind.com
SGL,stl-global.com
SGLTL,standardglr.com
SHAH,gyscoal.com
SHAHALLOYS,shahalloys.com
SHAILY,shaily.com
SHAKTIPUMP,shaktipumps.com
SHALBY,shalby.org
SHALPAINTS,shalimarpaints.com
SHANKARA,shankarabuildpro.com
SHANTI,shantioverseas.com
SHANTIGEAR,shanthigears.com
SHARDACROP,shardacropchem.com
SHARDAMOTR,shardamotor.com
SHAREINDIA,shareindia.com
SHEKHAWATI,shekhawatiind.com
SHEMAROO,shemarooent.com
SHILPAMED,vbshilpa.com
SHIVALIK,shivalikrasayan.com
SHIVAMAUTO,shivamautotech.com
SHIVAMILLS,shivamills.com
SHIVATEX,shivatex.in
SHK,keva.co.in
SHOPERSTOP,shoppersstop.com
SHRADHA,shradhainfra.in
SHREDIGCEM,digvijaycement.com
SHREECEM,shreecement.com
SHREEPUSHK,shreepushkar.com
SHREERAMA,srmtl.com
SHRENIK,shrenikltd.com
SHREYANIND,shreyansgroup.com
SHRIPISTON,shrirampistons.com
SHRIRAMFIN,shriramfinance.in
SHRIRAMPPS,shriramproperties.com
SHYAMCENT,shyamcenturyferrous.com
SHYAMMETL,shyammetalics.com
SHYAMTEL,shyamtelecom.com
SICALLOG,sical.in
SIEMENS,siemens.com/in/en.html
SIGACHI,sigachi.com
SIGIND,groupsignet.com
SIGMA,sigmasolve.in
SIGNATURE,signatureglobal.in
SIGNPOST,signpostindia.com
SIKKO,sikkoindia.in
SIL,standardindustries.co
SILGO,silgo.in
SILINV,silinvestments.in
SILLYMONKS,sillymonks.com
SILVERTUC,silvertouch.com
SIMBHALS,simbhaolisugars.com
SIMPLEXINF,simplexinfra.com
SINCLAIR,sinclairsindia.com
SINDHUTRAD,sindhutrade.com
SINTERCOM,sintercom.co.in
SIRCA,sircapaints.com
SIS,sisindia.com
SITINET,sitinetworks.com
SIYSIL,siyaram.com
SJS,sjsindia.com
SJVN,sjvn.nic.in
SKFINDIA,skf.com/in
SKIL,skilgroup.co.in
SKIPPER,skipperlimited.com
SKMEGGPROD,skmegg.com
SKYGOLD,skygold.co.in
SMARTLINK,smartlinkholdings.com
SMCGLOBAL,smcindiaonline.com
SMLISUZU,smlisuzu.com
SMLT,sarthakmetals.com
SMSLIFE,smslife.in
SMSPHARMA,smspharma.com
SNOWMAN,snowman.in
SOBHA,sobha.com
SOFTTECH,softtechglobal.com
SOLARA,solara.co.in
SOLARINDS,solargroup.com
SOMANYCERA,somanyceramics.com
SOMATEX,somatextiles.com
SOMICONVEY,somiconveyor.com
SONACOMS,sonacomstar.com
SONAMLTD,sonamquartz.com
SONATSOFTW,sonata-software.com
SOTL,savita.com
SOUTHBANK,southindianbank.com
SOUTHWEST,southwestpinnacle.com
SPAL,s-p-apparels.com
SPANDANA,spandanasphoorty.com
SPARC,sparc.life
SPCENET,spacenetent.com
SPECIALITY,speciality.co.in
SPECTRUM,spectrum-india.com
SPENCERS,spencersretail.com
SPIC,spic.in
SPLIL,spllimited.com
SPLPETRO,supremepetrochem.com
SPMLINFRA,spml.co.in
SPORTKING,sportking.co.in
SRD,srdyechem.com
SREEL,sreeleathers.com
SRF,srf.com
SRGHFL,srghousing.com
SRHHYPOLTD,srhhl.com
SRM,srmcpl.com
SRPL,shreeramproteins.com
SSDL,saraswatisareedepot.com
SSWL,sswlindia.com
STALLION,stallionfluorochemicals.com
STANLEY,stanleylifestyles.com
STAR,strides.com
STARCEMENT,starcement.co.in
STARHEALTH,starhealth.in
STARPAPER,starpapers.com
STARTECK,starteckfinance.com
STCINDIA,stclimited.co.in
STEELCAS,steelcast.net
STEELCITY,steelcitynettrade.com
STEELXIND,seil.co.in
STEL,stelholdings.com
STERTOOLS,stlfasteners.com
STLTECH,stl.tech
STOVEKRAFT,stovekraft.com
STYLAMIND,stylam.com
STYLEBAAZA,stylebaazar.in
STYRENIX,styrenix.com
SUBEXLTD,subex.com
SUBROS,subros.com
SUDARSCHEM,sudarshan.com
SUKHJITS,sukhjitgroup.com
SULA,sulavineyards.com
SUMICHEM,sumichem.co.in
SUMIT,sumitwoods.com
SUMMITSEC,summitsecurities.net
SUNCLAY,sundaram-clayton.com
SUNDARAM,sundaramgroups.in
SUNDARMFIN,sundaramfinance.in
SUNDARMHLD,sundaramholdings.in
SUNDRMBRAK,tvsbrakelinings.com
SUNDRMFAST,sundram.com
SUNDROP,sundropbrands.com
SUNFLAG,sunflagsteel.com
SUNPHARMA,sunpharma.com
SUNTECK,sunteckindia.com
SUNTV,suntv.in
SUPERHOUSE,superhouse.in
SUPERSPIN,superspinning.com
SUPRAJIT,suprajit.com
SUPREME,supremeholdings.net
SUPREMEENG,supremesteels.com
SUPREMEIND,supreme.co.in
SUPREMEINF,supremeinfra.com
SUPRIYA,supriyalifescience.com
SURAJEST,surajestate.com
SURAJLTD,surajgroup.com
SURAKSHA,surakshanet.com
SURANASOL,suranasolar.com
SURANAT&P,suranatele.com
SURYALAXMI,suryalakshmi.com
SURYAROSNI,surya.co.in
SURYODAY,suryodaybank.com
SUTLEJTEX,sutlejtextiles.com
SUULD,suumayalifestyle.com
SUVEN,suven.com
SUVENPHAR,suvenpharm.com
SUVIDHAA,suvidhaa.com
SUYOG,suyogtelematics.co.in
SUZLON,suzlon.com
SVLL,shreevasulogistics.com
SVPGLOB,svpglobal.co.in
SWANDEF,sdhi.co.in
SWANENERGY,swan.co.in
SWARAJENG,swarajenterprise.com
SWELECTES,swelectes.com
SWIGGY,swiggy.com
SWSOLAR,sterlingandwilsonre.com
SYMPHONY,symphonylimited.com
SYNCOMF,syncomformulations.com
SYNGENE,syngeneintl.com
SYRMA,syrmasgs.com
TAINWALCHM,tainwala.in
TAJGVK,tajgvk.in
TAKE,takesolutions.com
TALBROAUTO,talbros.com
TANLA,tanla.com
TARACHAND,tarachandindia.in
TARAPUR,tarapurtransformers.com
TARC,tarc.in
TARIL,transformerindia.com
TARMAT,tarmat.in
TARSONS,tarsons.com
TASTYBITE,tastybite.co.in
TATACHEM,tatachemicals.com
TATACOMM,tatacommunications.com
TATACONSUM,tataconsumer.com
TATAELXSI,tataelxsi.com
TATAINVEST,tatainvestment.com
TATAMOTORS,tatamotors.com
TATAPOWER,tatapower.com
TATASTEEL,tatasteel.com
TATATECH,tatatechnologies.com
TATVA,tatvachintan.com
TBOTEK,tbo.com
TBZ,tbztheoriginal.com
TCI,tcil.com
TCIEXP,tciexpress.in
TCIFINANCE,tcifl.in
TCPLPACK,tcpl.in
TCS,tcs.com
TDPOWERSYS,tdps.co.in
TEAMLEASE,group.teamlease.com
TECHIN,techindianirman.com
TECHM,techmahindra.com
TECHNOE,techno.co.in
TECILCHEM,tecilchemicals.com
TEGA,tegaindustries.com
TEJASNET,tejasnetworks.com
TEMBO,tembo.in
TERASOFT,terasoftware.com
TEXINFRA,texinfra.in
TEXMOPIPES,texmopipe.com
TEXRAIL,texmaco.in
TFCILTD,tfciltd.com
TFL,transwarranty.com
TGBHOTELS,thegrandbhagwati.com
THANGAMAYL,thangamayil.com
THEINVEST,itiorg.com
THEJO,thejo-engg.com
THEMISMED,themismedicare.com
THERMAX,thermaxglobal.com
THOMASCOOK,thomascook.in
THOMASCOTT,thomasscott.org
THYROCARE,thyrocare.com
TI,tilind.com
TICL,twamevcons.com
TIIL,technocraftgroup.com
TIINDIA,tiindia.com
TIJARIA,tijaria-pipes.com
TIL,tilindia.in
TIMESGTY,timesguarantylimited.com
TIMETECHNO,timetechnoplast.com
TIMKEN,timken.com/en-in
TIPSFILMS,tipsfilms.in
TIPSMUSIC,tips.in
TIRUMALCHM,thirumalaichemicals.com
TIRUPATIFL,tirupatiforge.com
TITAGARH,titagarh.in
TITAN,titancompany.in
TMB,tmb.in
TNPETRO,tnpetro.com
TNPL,tnpl.com
TNTELE,ttlofc.in
TOKYOPLAST,tokyoplastint.in
TOLINS,tolinstyres.com
TORNTPHARM,torrentpharma.com
TORNTPOWER,torrentpower.com
TOTAL,ttspl.in
TOUCHWOOD,touchwood.in
TPHQ,giesl.in
TPLPLASTEH,tplplastech.in
TRACXN,tracxn.com
TRANSRAILL,transrail.in
TRANSWORLD,transworld.com/transworld-shipping-lines
TREEHOUSE,treehouseplaygroup.net
TREJHARA,trejhara.com
TREL,transindia.co.in
TRENT,trentlimited.com
TRF,trf.co.in
TRIDENT,tridentindia.com
TRIGYN,trigyn.com
TRITURBINE,triveniturbines.com
TRIVENI,trivenigroup.com
TRU,trucapfinance.com
TTKHLTCARE,ttkhealthcare.com
TTKPRESTIG,ttkprestige.com
TTL,tttextiles.com
TTML,tatatelebusiness.com/aboutus-ttml/
TVSELECT,tvs-e.in
TVSHLTD,tvsholdings.com
TVSMOTOR,tvsmotor.com
TVSSCS,tvsscs.com
TVSSRICHAK,tvseurogrip.com
TVTODAY,aajtak.in
TVVISION,tvvision.in
UBL,unitedbreweries.com
UCAL,ucalfuel.com
UCOBANK,ucobank.com
UDAICEMENT,udaipurcement.com
UDS,uds.in
UEL,ujaas.com
UFLEX,uflexltd.com
UFO,ufomoviez.com
UGARSUGAR,ugarsugar.com
UGROCAP,ugrocapital.com
UJJIVANSFB,ujjivansfb.in
ULTRACEMCO,ultratechcement.com
UMAEXPORTS,umaexports.net
UMANGDAIRY,umangdairies.com
UMESLTD,umesl.co.in
UMIYA-MRO,mro-tek.com/Umiya/
UNICHEMLAB,unichemlabs.com
UNIDT,udtltd.com
UNIECOM,unicommerce.com
UNIENTER,uelonline.com
UNIINFO,uni-info.co.in
UNIMECH,unimechaerospace.com
UNIONBANK,unionbankofindia.co.in
UNIPARTS,unipartsgroup.com
UNITDSPR,diageoindia.com
UNITECH,unitechgroup.com
UNITEDPOLY,upgl.in
UNITEDTEA,unitednilgiritea.com
UNIVAFOODS,hotelrugby.co.in
UNIVASTU,univastu.com
UNIVCABLES,unistar.co.in
UNIVPHOTO,universusphotoimagings.com
UNOMINDA,unominda.com
UPL,upl-ltd.com
URAVIDEF,uravilamps.com
URJA,urjaglobal.in
USHAMART,ushamartin.com
USK,uskinfra.com
UTIAMC,utiwms.com
UTKARSHBNK,utkarsh.bank
UTTAMSUGAR,uttamsugar.in
UYFINCORP,uyfincorp.com
V2RETAIL,v2retail.com
VADILALIND,vadilalgroup.com
VAIBHAVGBL,vaibhavglobal.com
VAISHALI,vaishalipharma.com
VAKRANGEE,vakrangee.in
VALIANTLAB,valiantlabs.in
VALIANTORG,valiantorganics.com
VARDHACRLC,vardhmanacrylics.com
VARDMNPOLY,oswalgroup.com
VARROC,varroc.com
VASCONEQ,vascon.com
VASWANI,vaswaniindustries.com
VBL,varunbeverages.com
VCL,vaxtexcotfabltd.com
VEDL,vedantalimited.com
VEEDOL,veedolindia.com
VENKEYS,venkys.com
VENTIVE,ventivehospitality.com
VENUSPIPES,venuspipes.com
VENUSREM,venusremedies.com
VERANDA,verandalearning.com
VERTOZ,vertoz.com
VESUVIUS,vesuviusindia.in
VETO,vetoswitchgears.com
VGUARD,vguard.in
VHL,vardhman.com
VHLTD,viceroyhotels.in
VIDHIING,vidhifoodcolors.com
VIJAYA,vijayadiagnostic.com
VIJIFIN,vijifinance.com
VIKASECO,vikasecotech.com
VIKASLIFE,vikaslifecarelimited.com
VIMTALABS,vimta.com
VINATIORGA,vinatiorganics.com
VINCOFE,vcbl.coffee
VINDHYATEL,vtlrewa.com
VINEETLAB,vineetlabs.co.in
VINNY,vinnyoverseas.in
VINYLINDIA,vinylchemicals.com
VIPCLOTHNG,vipclothing.in
VIPIND,vipindustries.co.in
VIPULLTD,vipulgroup.in
VIRINCHI,virinchi.com
VISAKAIND,visaka.co
VISASTEEL,visasteel.com
VISHNU,vishnuchemicals.com
VISHWARAJ,vsil.co.in
VIVIDHA,vpl.visagar.com
VLEGOV,vlegovernance.in
VLSFINANCE,vlsfinance.com
VMART,vmart.co.in
VMM,aboutvishal.com
VOLTAMP,voltamptransformers.com
VOLTAS,voltas.com
VPRPL,vprp.co.in
VRAJ,vrajtmt.in
VRLLOG,vrlgroup.in/vrl_group_home.aspx
VSSL,vardhmansteel.com
VSTIND,vsthyd.com
VSTL,vstlindia.com
VSTTILLERS,vsttractors.com
VTL,vardhman.com
WAAREEENER,waaree.com
WAAREERTL,waareertl.com
WABAG,wabag.com
WALCHANNAG,walchand.com
WANBURY,wanbury.com
WCIL,western-carriers.com/
WEALTH,wealth-firstonline.com
WEBELSOLAR,webelsolar.com
WEIZMANIND,weizmann.co.in
WEL,wonderelectricals.com
WELCORP,welspuncorp.com
WELENT,welspunenterprises.com
WELINV,welspuninvestments.com
WELSPUNLIV,welspunliving.com
WENDT,wendtindia.com
WESTLIFE,westlife.co.in
WEWIN,wewinlimited.com
WHEELS,wheelsindia.com
WHIRLPOOL,whirlpoolindia.com
WILLAMAGOR,wmtea.com
WINDLAS,windlas.com
WINDMACHIN,windsormachines.com
WINSOME,winsomeyarns.com
WIPL,wipltd.in
WIPRO,wipro.com
WOCKPHARMA,wockhardt.com
WONDERLA,wonderla.com
WORTH,worthindia.com
WSI,wsindustries.in
WSTCSTPAPR,westcoastpaper.com
XCHANGING,dxc.com/in/en/about-us/xchanging-solutions-limited-investor-relations
XELPMOC,xelpmoc.in
XPROINDIA,xproindia.com
XTGLOBAL,xtglobal.com
YAARI,yaari.com
YASHO,yashoindustries.com
YATHARTH,yatharthhospitals.com
YATRA,yatra.com
YESBANK,yesbank.in
YUKEN,yukenindia.com
ZAGGLE,zaggle.in
ZEEL,zee.com
ZEELEARN,zeelearn.com
ZEEMEDIA,zeemedia.in
ZENITHEXPO,zenithexportslimited.com
ZENITHSTL,zenithsteelpipes.com
ZENSARTECH,zensar.com
ZENTEC,zentechnologies.com
ZFCVINDIA,zf.com/india/en/home/home.html
ZIMLAB,zimlab.in
ZODIAC,zodiacenergy.com
ZODIACLOTH,zodiaconline.com
ZOTA,zotahealthcare.com
ZUARI,zuari.in
ZUARIIND,adventz.com
ZYDUSLIFE,zyduslife.com
ZYDUSWELL,zyduswellness.com
